<?xml version="1.0"?>
<config xmlns:xsi="http://www.w3.org/2001/XMLSchema-instance" xsi:noNamespaceSchemaLocation="urn:magento:framework:ObjectManager/etc/config.xsd">
    <type name="Magento\Framework\View\Element\UiComponent\DataProvider\CollectionFactory">
        <arguments>
            <argument name="collections" xsi:type="array">
                <item name="sales_order_grid_data_source" xsi:type="string">Donatestore\Demo\Model\ResourceModel\Order\Grid\Collection</item>
                <item name="sales_order_invoice_grid_data_source" xsi:type="string">Donatestore\Demo\Model\ResourceModel\Order\Invoice\Grid\Collection</item>
            </argument>
        </arguments>
    </type>
</config>
